time, phase
1550749259.227535, 0
1550749259.670711, 0
1550749259.989383, 0
1550749260.416093, 0
1550749260.846131, 0
1550749261.219021, 0
1550749261.696448, 0
1550749262.129684, 0
1550749262.529328, 0
1550749262.920763, 0
1550749263.292422, 0
1550749263.619460, 0
1550749264.004729, 0
1550749264.385561, 0
1550749265.494408, 0
1550749266.311049, 0
1550749267.301892, 0
1550749268.264924, 0
1550749269.162395, 0
