time, phase
1552939471.645804, 0
1552939472.342628, 0
1552939472.822429, 0
1552939473.246594, 0
1552939473.672787, 0
1552939474.027571, 0
1552939474.446230, 0
1552939474.904491, 0
1552939475.304532, 0
1552939475.744689, 0
1552939476.317371, 0
1552939477.453237, 0
1552939477.982071, 0
1552939478.472252, 0
1552939478.964430, 0
1552939479.576658, 0
