time, phase
1552939081.594523, 0
1552939082.045161, 0
1552939082.462165, 0
1552939082.897882, 0
1552939083.305057, 0
1552939083.718373, 0
1552939084.146670, 0
1552939084.604445, 0
1552939085.071401, 0
1552939085.574252, 0
1552939086.078108, 0
1552939086.557229, 0
1552939087.039686, 0
1552939087.595511, 0
1552939088.352716, 0
1552939089.489859, 0
1552939091.188020, 0
1552939093.173915, 0
1552939093.894467, 0
1552939094.411460, 0
1552939095.124479, 0
1552939095.740582, 0
1552939096.485374, 0
