time, phase
1552939157.436672, 0
1552939157.897683, 0
1552939158.543129, 0
1552939159.181403, 0
1552939159.858589, 0
1552939160.503260, 0
1552939161.136879, 0
1552939161.776397, 0
1552939162.363832, 0
1552939162.876526, 0
1552939163.378336, 0
1552939163.900462, 0
1552939164.511493, 0
1552939165.998944, 0
1552939166.667676, 0
1552939167.326604, 0
