time, phase
1551366173.456515, 0
1551366174.352133, 0
1551366175.465214, 0
1551366175.881823, 0
1551366176.369343, 0
1551366176.703234, 0
1551366177.063202, 0
1551366177.889864, 0
1551366179.108089, 0
1551366179.703905, 0
1551366180.446741, 0
1551366181.262601, 0
1551366181.745888, 0
