time, phase
1552499071.819678, 0
1552499072.610187, 0
1552499073.127147, 0
1552499073.950493, 0
1552499074.504410, 0
1552499075.939388, 0
1552499076.579920, 0
1552499077.441290, 0
1552499078.028927, 0
1552499078.841698, 0
1552499079.471828, 0
1552499080.287212, 0
1552499081.117062, 0
1552499082.891474, 0
1552499083.648483, 0
1552499084.976249, 0
1552499085.877100, 0
