time, phase
1551365577.874981, 0
1551365578.440366, 0
1551365578.861190, 0
1551365579.352635, 0
1551365580.173210, 0
1551365580.840311, 0
1551365581.254721, 0
1551365581.735269, 0
1551365582.282820, 0
1551365582.717547, 0
1551365583.298313, 0
1551365583.818745, 0
1551365584.213542, 0
1551365585.095281, 0
1551365585.867337, 0
1551365586.389821, 0
1551365586.864692, 0
1551365587.408538, 0
1551365587.901151, 0
