time, phase
1552499407.539043, 0
1552499408.857637, 0
1552499409.362395, 0
1552499410.111407, 0
1552499410.750437, 0
1552499411.577870, 0
1552499412.175926, 0
1552499413.696013, 0
1552499414.086119, 0
1552499414.549148, 0
1552499415.172392, 0
1552499415.686861, 0
1552499416.324840, 0
