time, phase
1552484868.855715, 0
1552484869.887679, 0
1552484870.398362, 0
1552484870.892355, 0
1552484871.465873, 0
1552484871.972444, 0
1552484872.454639, 0
1552484872.936784, 0
1552484873.435072, 0
1552484874.322445, 0
1552484875.172544, 0
1552484876.545984, 0
1552484877.321634, 0
1552484878.029527, 0
1552484878.617404, 0
1552484879.266960, 0
1552484879.944279, 0
