time, phase
1553027605.406949, 0
1553027605.917533, 0
1553027606.267199, 0
1553027606.705110, 0
1553027607.095972, 0
1553027607.515010, 0
1553027607.948479, 0
1553027608.442261, 0
1553027608.931341, 0
1553027609.379355, 0
1553027609.889134, 0
1553027610.376132, 0
1553027610.946684, 0
1553027611.642933, 0
1553027612.433025, 0
1553027613.462082, 0
1553027614.322651, 0
1553027615.605544, 0
1553027616.209687, 0
1553027616.734355, 0
1553027617.189998, 0
1553027617.689695, 0
1553027618.160730, 0
