time, phase
1550748376.171801, 0
1550748376.553894, 0
1550748378.182060, 0
1550748378.532378, 0
1550748378.938032, 0
1550748379.357522, 0
1550748379.698241, 0
1550748380.031777, 0
1550748380.499042, 0
1550748380.946219, 0
1550748381.710327, 0
1550748382.776186, 0
1550748383.261241, 0
1550748383.871881, 0
1550748384.558414, 0
1550748385.264889, 0
1550748386.332917, 0
