time, phase
1551531466.666952, 0
1551531467.062227, 0
1551531467.598498, 0
1551531468.097411, 0
1551531468.556558, 0
1551531469.020671, 0
1551531469.422185, 0
1551531469.857822, 0
1551531470.273396, 0
1551531470.753542, 0
1551531471.395475, 0
1551531472.015973, 0
1551531472.974553, 0
