time, phase
1551452881.571200, 0
1551452882.065296, 0
1551452882.610680, 0
1551452883.410068, 0
1551452883.713541, 0
1551452883.986287, 0
1551452884.691582, 0
1551452885.506367, 0
1551452886.461848, 0
1551452888.417583, 0
1551452889.367458, 0
1551452889.564767, 0
1551452890.093458, 0
