time, phase
1551391197.381603, 0
1551391197.969990, 0
1551391199.182424, 0
1551391199.805394, 0
1551391200.482251, 0
1551391200.927772, 0
1551391201.629867, 0
1551391202.128622, 0
1551391202.811853, 0
1551391203.213336, 0
1551391203.596270, 0
