time, phase
1551292840.736794, 0
1551292842.877762, 0
1551292843.413011, 0
1551292844.036562, 0
1551292844.670485, 0
1551292845.274776, 0
1551292845.750361, 0
1551292846.354405, 0
1551292847.140775, 0
1551292848.081158, 0
1551292849.007191, 0
1551292849.975631, 0
1551292850.943103, 0
1551292851.778227, 0
1551292852.414002, 0
1551292853.248805, 0
