time, phase
1551530813.665541, 0
1551530815.120982, 0
1551530815.586586, 0
1551530816.133562, 0
1551530817.089782, 0
1551530818.021767, 0
1551530819.554406, 0
1551530821.132417, 0
1551530822.445387, 0
1551530823.451661, 0
1551530824.678371, 0
1551530826.025803, 0
1551530827.892348, 0
1551530829.648229, 0
1551530830.764527, 0
1551530831.813042, 0
1551530832.510032, 0
1551530833.398473, 0
1551530834.563619, 0
