time, phase
1551390358.619266, 0
1551390359.157566, 0
1551390359.572712, 0
1551390360.094918, 0
1551390360.527370, 0
1551390360.962334, 0
1551390361.420590, 0
1551390362.035639, 0
1551390363.059182, 0
1551390364.437376, 0
1551390366.610663, 0
1551390368.321645, 0
1551390369.660309, 0
1551390370.840121, 0
1551390371.943130, 0
1551390372.885691, 0
