time, phase
1550748528.027800, 0
1550748528.526092, 0
1550748528.889615, 0
1550748529.270818, 0
1550748529.691458, 0
1550748530.056455, 0
1550748530.483618, 0
1550748530.900175, 0
1550748531.245250, 0
1550748531.600515, 0
1550748531.957796, 0
1550748532.478944, 0
1550748533.267728, 0
1550748534.372027, 0
