time, phase
1551875065.237507, 0
1551875066.237325, 0
1551875066.552154, 0
1551875067.268495, 0
1551875067.984658, 0
1551875068.681779, 0
1551875069.351030, 0
1551875069.990691, 0
1551875070.609338, 0
1551875071.295381, 0
1551875071.965597, 0
1551875072.622583, 0
1551875073.316656, 0
1551875074.150230, 0
1551875074.996736, 0
1551875076.025542, 0
1551875076.886769, 0
1551875077.646268, 0
1551875078.652234, 0
1551875079.338812, 0
