time, phase
1551701948.172815, 0
1551701948.748504, 0
1551701949.193662, 0
1551701949.603398, 0
1551701950.039256, 0
1551701950.444029, 0
1551701950.887130, 0
1551701951.378284, 0
1551701951.889246, 0
1551701952.413470, 0
1551701952.910787, 0
1551701953.603676, 0
1551701954.265456, 0
1551701955.036190, 0
1551701955.802265, 0
1551701956.757987, 0
1551701957.873324, 0
