time, phase
1550749643.792032, 0
1550749644.473145, 0
1550749645.170189, 0
1550749645.813601, 0
1550749646.409704, 0
1550749647.131795, 0
1550749647.772015, 0
1550749648.431463, 0
1550749649.087018, 0
1550749649.692609, 0
1550749650.346688, 0
1550749650.994970, 0
1550749651.683464, 0
1550749652.579524, 0
1550749653.269906, 0
1550749654.151060, 0
1550749655.045717, 0
