time, phase
1552485271.663505, 0
1552485272.890866, 0
1552485273.414557, 0
1552485273.940948, 0
1552485274.628945, 0
1552485275.279339, 0
1552485276.015868, 0
1552485276.692000, 0
1552485277.361353, 0
1552485278.069337, 0
1552485278.641989, 0
1552485279.236341, 0
1552485280.280003, 0
1552485280.788588, 0
1552485281.479528, 0
1552485281.999491, 0
