time,beats,midi_note,midi_vel
1554929404.034834, 0.006405, 44.000000, 57.000000
1554929404.035213, 0.006405, 64.000000, 57.000000
1554929404.035325, 0.006405, 76.000000, 57.000000
