time, phase
1550748580.203290, 0
1550748580.786121, 0
1550748581.135371, 0
1550748581.447524, 0
1550748581.833359, 0
1550748582.201306, 0
1550748582.594106, 0
1550748583.022216, 0
1550748583.453065, 0
1550748583.797530, 0
1550748584.209636, 0
1550748584.649117, 0
1550748585.113799, 0
1550748585.865219, 0
1550748586.213110, 0
1550748586.645261, 0
1550748587.119426, 0
