time, phase
1551357472.129504, 0
1551357472.614166, 0
1551357473.398780, 0
1551357473.848730, 0
1551357474.341326, 0
1551357474.833392, 0
1551357475.244454, 0
1551357475.654632, 0
1551357476.091034, 0
1551357476.513610, 0
1551357478.391989, 0
1551357478.968857, 0
1551357479.621386, 0
1551357480.103161, 0
