time, phase
1551269173.486053, 0
1551269174.433169, 0
1551269175.153809, 0
1551269175.829293, 0
1551269176.335479, 0
1551269177.027135, 0
1551269177.668761, 0
1551269178.219351, 0
1551269178.801667, 0
1551269179.332177, 0
1551269179.904435, 0
1551269180.335760, 0
1551269180.793913, 0
1551269181.245843, 0
1551269181.998747, 0
1551269183.349984, 0
1551269184.106132, 0
1551269184.755721, 0
1551269185.265681, 0
