time, phase
1553204844.717587, 0
1553204845.419792, 0
1553204845.869521, 0
1553204846.298931, 0
1553204846.684788, 0
1553204847.080785, 0
1553204847.488698, 0
1553204847.934214, 0
1553204848.335287, 0
1553204848.737142, 0
1553204849.344588, 0
1553204850.408264, 0
1553204851.414630, 0
1553204852.447984, 0
1553204852.991246, 0
