time, phase
1551719855.993080, 0
1551719856.892519, 0
1551719857.131485, 0
1551719857.821893, 0
1551719858.610444, 0
1551719859.622698, 0
1551719860.548452, 0
1551719861.302824, 0
1551719862.157229, 0
1551719863.162856, 0
1551719863.938500, 0
1551719864.691821, 0
1551719865.468335, 0
1551719866.350997, 0
1551719867.337944, 0
1551719868.819812, 0
1551719869.919694, 0
1551719870.881553, 0
1551719871.858611, 0
1551719872.984008, 0
