time, phase
1553204309.209457, 0
1553204309.837514, 0
1553204310.231316, 0
1553204310.602615, 0
1553204311.005346, 0
1553204311.428442, 0
1553204311.834522, 0
1553204312.271270, 0
1553204312.739734, 0
1553204313.168396, 0
1553204313.588338, 0
1553204314.060695, 0
1553204314.660061, 0
1553204315.140657, 0
1553204315.593895, 0
1553204316.279571, 0
1553204317.402651, 0
1553204317.964953, 0
1553204318.513955, 0
1553204319.062538, 0
1553204319.632959, 0
