time, phase
1551365611.391107, 0
1551365612.276111, 0
1551365613.724788, 0
1551365614.284859, 0
1551365614.622956, 0
1551365615.089890, 0
1551365615.507943, 0
1551365616.061382, 0
1551365617.045205, 0
1551365617.769195, 0
1551365619.250552, 0
1551365620.194489, 0
1551365621.023878, 0
1551365621.664458, 0
1551365622.357265, 0
1551365623.142212, 0
