time, phase
1551390698.966804, 0
1551390699.473785, 0
1551390699.918250, 0
1551390700.361406, 0
1551390701.306085, 0
1551390701.996795, 0
1551390702.611526, 0
1551390703.084351, 0
1551390703.543724, 0
1551390704.094122, 0
1551390704.585231, 0
1551390705.431856, 0
1551390705.744525, 0
1551390706.152601, 0
1551390706.643185, 0
1551390707.074211, 0
