time, phase
1551625543.610829, 0
1551625544.802211, 0
1551625545.560770, 0
1551625546.646544, 0
1551625547.414068, 0
1551625548.312170, 0
1551625549.546224, 0
1551625550.370663, 0
1551625551.152301, 0
1551625551.916335, 0
1551625552.613171, 0
1551625553.428260, 0
1551625554.014834, 0
1551625554.640445, 0
1551625555.220708, 0
1551625555.809233, 0
1551625556.436873, 0
1551625557.246488, 0
