time, phase
1551805183.892146, 0
1551805184.473595, 0
1551805185.139487, 0
1551805185.756572, 0
1551805186.419548, 0
1551805187.017826, 0
1551805187.612768, 0
1551805188.254575, 0
1551805188.962471, 0
1551805190.196912, 0
1551805191.702922, 0
1551805192.414461, 0
1551805193.180418, 0
1551805193.838431, 0
1551805194.442977, 0
1551805195.108724, 0
1551805195.713223, 0
1551805196.294475, 0
1551805196.872505, 0
1551805197.516393, 0
1551805198.195334, 0
