time, phase
1552501367.906098, 0
1552501372.521404, 0
1552501373.970341, 0
1552501374.636365, 0
1552501375.143675, 0
1552501375.650653, 0
1552501376.114531, 0
1552501376.651245, 0
1552501377.124717, 0
1552501377.533330, 0
1552501378.102001, 0
1552501378.527499, 0
1552501378.977154, 0
1552501379.726286, 0
1552501380.207387, 0
1552501380.694381, 0
1552501381.233070, 0
1552501381.721095, 0
1552501382.178655, 0
1552501382.606083, 0
