time, phase
1551530717.424775, 0
1551530718.228511, 0
1551530718.732943, 0
1551530719.329003, 0
1551530719.892460, 0
1551530720.842482, 0
1551530721.552201, 0
1551530722.287764, 0
1551530722.770488, 0
1551530723.357204, 0
1551530723.857015, 0
1551530724.290566, 0
1551530724.828238, 0
1551530725.239179, 0
1551530725.587428, 0
1551530726.021360, 0
1551530726.431814, 0
