time, phase
1551530965.026209, 0
1551530965.578799, 0
1551530966.127224, 0
1551530966.483534, 0
1551530966.862627, 0
1551530967.291519, 0
1551530967.734339, 0
1551530968.141659, 0
1551530968.593087, 0
1551530969.041042, 0
1551530969.477945, 0
1551530969.924369, 0
1551530970.324238, 0
1551530970.816002, 0
1551530971.268193, 0
1551530972.526878, 0
1551530974.039457, 0
1551530975.010263, 0
1551530975.792031, 0
1551530977.261910, 0
