time, phase
1552946549.689048, 0
1552946550.652864, 0
1552946551.063023, 0
1552946551.466056, 0
1552946551.884820, 0
1552946552.260941, 0
1552946552.670607, 0
1552946553.096276, 0
1552946553.477077, 0
1552946553.904749, 0
1552946554.396340, 0
1552946555.311317, 0
1552946556.163522, 0
1552946556.876878, 0
1552946557.431466, 0
1552946558.031847, 0
