time, phase
1550748408.493258, 0
1550748409.282418, 0
1550748410.131192, 0
1550748410.873474, 0
1550748411.258756, 0
1550748411.730730, 0
1550748412.119266, 0
1550748412.538879, 0
1550748412.948328, 0
1550748413.400763, 0
1550748413.820990, 0
1550748414.223868, 0
1550748414.647016, 0
1550748415.085582, 0
1550748415.577280, 0
