time, phase
1551626376.590922, 0
1551626377.030619, 0
1551626377.443387, 0
1551626377.932405, 0
1551626378.809624, 0
1551626379.371565, 0
1551626379.887442, 0
1551626380.500379, 0
1551626381.068380, 0
1551626381.715248, 0
1551626382.486118, 0
1551626383.605071, 0
1551626384.301039, 0
1551626384.967363, 0
1551626385.750383, 0
1551626386.551201, 0
1551626387.572683, 0
