time, phase
1551625888.516339, 0
1551625889.141287, 0
1551625889.566695, 0
1551625889.926203, 0
1551625890.278507, 0
1551625890.687444, 0
1551625891.100589, 0
1551625891.613791, 0
1551625892.004571, 0
1551625892.534641, 0
1551625893.002478, 0
1551625893.541998, 0
1551625894.209695, 0
1551625894.833432, 0
1551625895.588822, 0
1551625896.314278, 0
1551625897.242147, 0
1551625898.540926, 0
1551625899.282896, 0
1551625900.293938, 0
1551625901.096569, 0
1551625902.064423, 0
1551625902.850891, 0
