time, phase
1551275372.385187, 0
1551275372.799563, 0
1551275373.344207, 0
1551275373.993868, 0
1551275374.588080, 0
1551275375.234652, 0
1551275375.870468, 0
1551275376.513527, 0
1551275377.136878, 0
1551275377.844120, 0
1551275378.464507, 0
1551275379.085713, 0
1551275379.744199, 0
1551275380.384349, 0
1551275381.014285, 0
1551275381.636882, 0
1551275382.292706, 0
1551275382.911356, 0
