time, phase
1551452527.484251, 0
1551452528.781003, 0
1551452529.295342, 0
1551452529.963579, 0
1551452530.524072, 0
1551452531.127321, 0
1551452531.821716, 0
1551452532.381546, 0
1551452532.959745, 0
1551452533.550406, 0
1551452534.137431, 0
1551452534.795799, 0
1551452535.149467, 0
1551452535.740750, 0
1551452536.183627, 0
1551452537.453828, 0
1551452537.731608, 0
1551452538.085586, 0
1551452538.709099, 0
1551452539.031255, 0
