time, phase
1552230788.074585, 0
1552230788.757881, 0
1552230789.309677, 0
1552230789.909909, 0
1552230790.548658, 0
1552230791.108581, 0
1552230791.948314, 0
1552230792.749538, 0
1552230793.400598, 0
1552230794.168171, 0
1552230794.971701, 0
1552230795.865555, 0
1552230796.706792, 0
1552230798.702942, 0
1552230799.787007, 0
1552230800.463967, 0
1552230801.060972, 0
1552230801.822842, 0
