time, phase
1552502054.848564, 0
1552502055.402508, 0
1552502056.861548, 0
1552502057.796146, 0
1552502058.206187, 0
1552502058.660127, 0
1552502059.126518, 0
1552502059.456580, 0
