time, phase
1551453332.848524, 0
1551453333.254802, 0
1551453333.767957, 0
1551453334.203236, 0
1551453335.211626, 0
1551453335.987831, 0
1551453336.286794, 0
1551453337.074575, 0
1551453337.805031, 0
1551453338.409643, 0
1551453339.227710, 0
1551453339.801279, 0
1551453340.425035, 0
1551453341.119280, 0
1551453341.718233, 0
1551453342.399865, 0
1551453342.764666, 0
1551453343.218766, 0
