time, phase
1552230893.152392, 0
1552230893.722495, 0
1552230894.307552, 0
1552230894.817613, 0
1552230895.415768, 0
1552230896.208627, 0
1552230896.952737, 0
1552230897.578871, 0
1552230898.163469, 0
1552230898.831038, 0
1552230899.451096, 0
1552230900.162587, 0
1552230900.794619, 0
1552230901.491240, 0
1552230902.340007, 0
