time, phase
1551875279.205951, 0
1551875279.767433, 0
1551875280.103700, 0
1551875280.428004, 0
1551875280.828436, 0
1551875281.218993, 0
1551875281.616964, 0
1551875282.037271, 0
1551875282.414416, 0
1551875282.860398, 0
1551875283.226805, 0
1551875283.657848, 0
1551875284.117474, 0
1551875284.649716, 0
1551875285.343504, 0
1551875285.950521, 0
1551875286.669548, 0
1551875287.250610, 0
1551875287.763305, 0
