time, phase
1551269359.493562, 0
1551269360.248782, 0
1551269361.039282, 0
1551269361.744454, 0
1551269362.370624, 0
1551269363.035014, 0
1551269363.715061, 0
1551269364.326805, 0
1551269364.949025, 0
1551269365.532372, 0
1551269366.172719, 0
1551269366.752379, 0
1551269367.310714, 0
1551269367.967292, 0
1551269368.663162, 0
1551269369.347556, 0
