time, phase
1551720670.597908, 0
1551720671.064199, 0
1551720671.504124, 0
1551720671.998465, 0
1551720672.390512, 0
1551720672.721582, 0
1551720673.170346, 0
1551720673.592950, 0
1551720674.085432, 0
1551720674.832460, 0
1551720675.967993, 0
1551720676.573614, 0
1551720677.138978, 0
1551720677.860491, 0
1551720678.581446, 0
