time, phase
1552501453.809522, 0
1552501457.013485, 0
1552501457.694996, 0
1552501458.230092, 0
1552501458.760641, 0
1552501459.233002, 0
1552501459.626048, 0
1552501460.061379, 0
1552501460.494459, 0
1552501460.956055, 0
1552501461.364052, 0
1552501461.835206, 0
1552501462.404406, 0
1552501462.974613, 0
1552501463.669287, 0
1552501464.115716, 0
1552501464.674922, 0
1552501465.137311, 0
