time, phase
1553025301.305556, 0
1553025302.003694, 0
1553025302.456259, 0
1553025302.804626, 0
1553025303.253171, 0
1553025303.642470, 0
1553025304.034787, 0
1553025304.487730, 0
1553025304.920592, 0
1553025305.392808, 0
1553025305.893683, 0
1553025306.610352, 0
1553025308.277153, 0
1553025308.852781, 0
1553025309.404685, 0
1553025309.920280, 0
1553025310.434996, 0
1553025310.925686, 0
