time, phase
1551357339.596932, 0
1551357340.031379, 0
1551357340.716534, 0
1551357341.269341, 0
1551357341.743125, 0
1551357342.369617, 0
1551357342.914107, 0
1551357343.634829, 0
1551357344.345062, 0
1551357345.268479, 0
1551357345.947275, 0
1551357346.893906, 0
1551357347.459470, 0
1551357348.136537, 0
1551357348.719126, 0
1551357349.409350, 0
1551357349.986120, 0
