time, phase
1553027952.313449, 0
1553027952.866801, 0
1553027953.573894, 0
1553027954.244127, 0
1553027954.921884, 0
1553027955.554985, 0
1553027956.243310, 0
1553027956.878560, 0
1553027957.552656, 0
1553027958.112661, 0
1553027958.662229, 0
1553027959.233003, 0
1553027959.841229, 0
1553027960.860590, 0
1553027962.695241, 0
1553027963.723834, 0
1553027964.592404, 0
1553027965.306701, 0
