time, phase
1553025159.971252, 0
1553025160.475291, 0
1553025161.077878, 0
1553025161.778185, 0
1553025162.452601, 0
1553025163.104108, 0
1553025163.757632, 0
1553025164.374385, 0
1553025164.910443, 0
1553025165.504711, 0
1553025166.036898, 0
1553025166.604006, 0
1553025167.167627, 0
1553025167.844998, 0
1553025169.777573, 0
1553025170.858762, 0
1553025171.637977, 0
1553025172.472916, 0
