time, phase
1551626487.676575, 0
1551626488.225251, 0
1551626488.678567, 0
1551626489.220332, 0
1551626489.791593, 0
1551626490.328838, 0
1551626490.875181, 0
1551626491.382673, 0
1551626491.840911, 0
1551626492.423168, 0
1551626493.223149, 0
1551626494.171478, 0
1551626494.708423, 0
1551626495.332519, 0
1551626495.979367, 0
