time, phase
1551458268.760389, 0
1551458271.187369, 0
1551458271.903938, 0
1551458272.634238, 0
1551458273.347381, 0
1551458273.841584, 0
1551458274.299390, 0
1551458274.784201, 0
1551458275.266537, 0
1551458275.770198, 0
1551458276.615743, 0
1551458277.556007, 0
1551458278.376307, 0
1551458279.177430, 0
1551458279.860086, 0
1551458280.344991, 0
1551458280.849701, 0
1551458281.294679, 0
