time, phase
1551390759.656488, 0
1551390761.673100, 0
1551390763.719557, 0
1551390764.103591, 0
1551390764.482349, 0
1551390765.042184, 0
1551390765.573920, 0
1551390766.232377, 0
1551390766.743145, 0
1551390767.388728, 0
1551390768.180451, 0
1551390768.700709, 0
1551390769.196077, 0
