time, phase
1553204727.678570, 0
1553204728.497880, 0
1553204728.898918, 0
1553204729.546595, 0
1553204730.196711, 0
1553204730.825430, 0
1553204731.455155, 0
1553204732.070592, 0
1553204732.648009, 0
1553204733.132753, 0
1553204733.605821, 0
1553204734.086771, 0
1553204734.611130, 0
1553204735.245428, 0
1553204736.345360, 0
1553204737.236117, 0
1553204737.895725, 0
