time, phase
1548007188.603611, 0
1548007189.098807, 0
1548007189.672096, 0
1548007190.234248, 0
1548007190.923253, 0
