time, phase
1551365679.641051, 0
1551365680.152241, 0
1551365680.711248, 0
1551365681.589115, 0
1551365682.146355, 0
1551365682.499544, 0
1551365682.884753, 0
1551365683.290269, 0
1551365683.751858, 0
1551365684.101146, 0
1551365684.948673, 0
1551365686.264149, 0
1551365687.371583, 0
1551365687.861400, 0
1551365688.327160, 0
1551365688.716744, 0
1551365689.186055, 0
1551365689.778155, 0
1551365690.476932, 0
1551365691.262501, 0
1551365691.976216, 0
