time, phase
1551380770.909593, 0
1551380771.346553, 0
1551380773.526215, 0
1551380774.841042, 0
1551380775.410044, 0
1551380775.948193, 0
1551380776.636562, 0
1551380777.221285, 0
1551380777.846605, 0
1551380778.467777, 0
1551380779.091148, 0
1551380779.649366, 0
1551380780.150997, 0
1551380780.504812, 0
1551380780.950625, 0
1551380781.252794, 0
