time, phase
1551365793.305779, 0
1551365793.840894, 0
1551365794.688341, 0
1551365795.167332, 0
1551365795.546336, 0
1551365796.032939, 0
1551365796.788139, 0
1551365797.260087, 0
1551365797.639976, 0
1551365798.040045, 0
1551365798.421587, 0
1551365798.809978, 0
1551365799.150776, 0
1551365799.480472, 0
1551365799.738178, 0
1551365800.446253, 0
