time, phase
1551381232.059734, 0
1551381232.486646, 0
1551381235.168166, 0
1551381235.468829, 0
1551381235.877567, 0
1551381236.370449, 0
1551381236.880035, 0
1551381237.403099, 0
1551381237.883330, 0
1551381238.242039, 0
1551381238.741661, 0
1551381239.042275, 0
1551381239.342247, 0
1551381239.785129, 0
