time, phase
1551391160.411608, 0
1551391161.498495, 0
1551391162.476376, 0
1551391163.042410, 0
1551391163.412582, 0
1551391163.863831, 0
1551391164.447347, 0
1551391165.077093, 0
1551391165.458279, 0
1551391166.143883, 0
1551391166.929923, 0
1551391167.826528, 0
1551391168.464550, 0
