time, phase
1552498811.192190, 0
1552498811.681250, 0
1552498812.372898, 0
1552498814.354267, 0
1552498814.753070, 0
1552498815.270523, 0
1552498815.714018, 0
1552498816.097963, 0
1552498816.572293, 0
1552498817.066388, 0
1552498817.690670, 0
1552498818.583259, 0
1552498820.705345, 0
1552498821.320874, 0
1552498821.928402, 0
1552498822.499674, 0
1552498823.124091, 0
