time, phase
1548016895.921200, 0
1548016896.262850, 0
1548016897.021926, 0
