time, phase
1551380563.620916, 0
1551380564.378937, 0
1551380565.386452, 0
1551380565.877296, 0
1551380566.287543, 0
1551380566.755243, 0
1551380567.245670, 0
1551380567.784443, 0
1551380568.352117, 0
1551380568.948843, 0
1551380569.599520, 0
1551380570.156053, 0
1551380570.785659, 0
1551380571.354565, 0
1551380571.930561, 0
1551380572.476031, 0
1551380573.004230, 0
1551380573.515283, 0
1551380574.023871, 0
1551380574.588371, 0
1551380575.116252, 0
