time, phase
1550926333.868516, 0
1550926334.690006, 0
1550926335.057792, 0
1550926335.466383, 0
1550926335.853227, 0
1550926336.221881, 0
1550926336.647000, 0
1550926337.044253, 0
1550926337.463604, 0
1550926337.845373, 0
1550926338.319117, 0
1550926339.501456, 0
1550926339.933403, 0
1550926340.496666, 0
1550926340.940303, 0
1550926341.433507, 0
