time, phase
1551458870.391367, 0
1551458870.803951, 0
1551458871.210536, 0
1551458871.639019, 0
1551458872.023408, 0
1551458872.476904, 0
1551458872.856747, 0
1551458873.233572, 0
1551458873.688703, 0
1551458874.074175, 0
1551458874.408343, 0
1551458874.793986, 0
1551458875.121843, 0
1551458875.406655, 0
1551458875.928458, 0
