time, phase
1551625850.539406, 0
1551625851.501105, 0
1551625852.545444, 0
1551625852.993300, 0
