time, phase
1551268997.112708, 0
1551268997.392517, 0
1551268998.038505, 0
1551268998.536755, 0
1551268999.236866, 0
1551269000.093634, 0
1551269000.520594, 0
1551269001.041389, 0
1551269001.663752, 0
1551269002.347510, 0
1551269003.041835, 0
1551269003.704466, 0
1551269004.385590, 0
1551269005.050370, 0
1551269005.678721, 0
1551269006.330236, 0
1551269007.270551, 0
1551269008.143766, 0
1551269008.924249, 0
1551269009.941880, 0
1551269010.956510, 0
1551269011.652548, 0
