time, phase
1550925665.079868, 0
1550925665.620385, 0
1550925666.210030, 0
1550925666.895171, 0
1550925667.500481, 0
1550925668.032725, 0
1550925668.482421, 0
1550925669.227671, 0
1550925672.137389, 0
1550925672.664565, 0
1550925673.352072, 0
1550925673.747872, 0
1550925674.219901, 0
1550925674.740425, 0
1550925675.159331, 0
1550925675.465468, 0
