time, phase
1551719719.083256, 0
1551719721.616975, 0
1551719722.786127, 0
1551719723.623623, 0
1551719724.247701, 0
1551719724.950910, 0
1551719725.735502, 0
1551719726.374822, 0
1551719727.008693, 0
1551719727.590467, 0
1551719728.210049, 0
1551719728.761304, 0
1551719729.301714, 0
1551719729.842814, 0
1551719730.387601, 0
1551719731.191055, 0
1551719731.898241, 0
1551719732.586061, 0
1551719733.315595, 0
