time, phase
1551380344.528169, 0
1551380347.609327, 0
1551380348.648067, 0
1551380349.344228, 0
1551380350.004843, 0
1551380350.788683, 0
1551380351.323650, 0
1551380351.928323, 0
1551380352.429582, 0
1551380352.925058, 0
1551380353.390378, 0
1551380353.826965, 0
1551380354.369941, 0
1551380354.737661, 0
1551380355.100897, 0
1551380355.517030, 0
1551380356.008695, 0
1551380356.484054, 0
