time, phase
1551275246.875774, 0
1551275247.568715, 0
1551275248.307667, 0
1551275248.960797, 0
1551275249.613700, 0
1551275250.291440, 0
1551275250.942216, 0
1551275251.617340, 0
1551275252.284096, 0
1551275252.920870, 0
1551275253.494458, 0
1551275254.059656, 0
1551275254.657867, 0
1551275255.186596, 0
1551275255.777953, 0
1551275256.362337, 0
1551275256.980940, 0
