time, phase
1551269576.121055, 0
1551269576.689925, 0
1551269577.357491, 0
1551269577.984532, 0
1551269578.457536, 0
1551269578.919891, 0
1551269579.538627, 0
1551269580.058106, 0
1551269580.706125, 0
1551269581.249076, 0
1551269581.716971, 0
1551269582.220241, 0
1551269582.616800, 0
1551269583.023105, 0
1551269583.615335, 0
1551269584.474596, 0
1551269585.049520, 0
