time, phase
1552230402.213251, 0
1552230403.249470, 0
1552230403.873198, 0
1552230404.477037, 0
1552230405.206732, 0
1552230405.929064, 0
1552230406.631778, 0
1552230407.464501, 0
1552230408.457472, 0
1552230409.686475, 0
1552230410.614376, 0
1552230411.690944, 0
1552230412.954230, 0
1552230413.660773, 0
1552230414.292428, 0
1552230414.935655, 0
1552230415.779475, 0
1552230416.627138, 0
