time, phase
1551458714.321101, 0
1551458715.297791, 0
1551458715.718971, 0
1551458716.345162, 0
1551458717.123230, 0
1551458717.851365, 0
1551458718.364138, 0
1551458719.120607, 0
1551458719.630855, 0
1551458720.162115, 0
1551458720.785512, 0
1551458721.324003, 0
1551458721.892747, 0
1551458722.374864, 0
1551458722.767844, 0
1551458723.160579, 0
1551458723.417117, 0
1551458723.807590, 0
