time, phase
1573752186.010205, 0
1573752186.119143, 1
1573752186.237201, 2
1573752186.347164, 3
1573752186.488060, 0
1573752186.601760, 1
1573752186.752026, 2
1573752186.918978, 3
1573752187.168934, 0
1573752187.255739, 1
1573752187.397452, 2
1573752187.507184, 3
1573752187.643785, 0
1573752187.718128, 1
1573752187.885650, 2
1573752187.948224, 3
