time, phase
1551390876.678070, 0
1551390877.265740, 0
1551390877.735696, 0
1551390878.322475, 0
1551390878.969687, 0
1551390879.464599, 0
1551390880.028416, 0
1551390880.652806, 0
1551390881.225582, 0
1551390881.721965, 0
1551390882.130609, 0
1551390882.531978, 0
1551390882.926790, 0
1551390883.430500, 0
1551390884.213596, 0
1551390884.634225, 0
1551390885.216832, 0
1551390885.976041, 0
1551390886.565551, 0
