time, phase
1551452956.121820, 0
1551452957.034646, 0
1551452958.340223, 0
1551452958.709188, 0
1551452959.256773, 0
1551452959.801899, 0
1551452960.160274, 0
1551452960.741544, 0
1551452961.149925, 0
1551452962.443174, 0
1551452962.746724, 0
1551452963.080296, 0
1551452963.660569, 0
