time, phase
1551878120.646445, 0
1551878121.036064, 0
1551878121.873268, 0
1551878122.325416, 0
1551878122.730204, 0
1551878122.907715, 0
1551878123.650077, 0
1551878124.259334, 0
1551878124.534434, 0
1551878124.909311, 0
1551878125.211740, 0
1551878125.507390, 0
1551878125.853834, 0
1551878126.145091, 0
1551878126.460246, 0
1551878126.824345, 0
1551878127.320672, 0
1551878127.697898, 0
