time, phase
1551458919.712277, 0
1551458920.592316, 0
1551458921.082256, 0
1551458921.532198, 0
1551458921.968296, 0
1551458922.351959, 0
1551458922.790497, 0
1551458923.239512, 0
1551458923.721787, 0
1551458924.250640, 0
1551458924.671554, 0
1551458925.136712, 0
1551458925.911691, 0
1551458926.552602, 0
1551458927.344695, 0
1551458927.978327, 0
1551458928.309192, 0
