time, phase
1552946111.202929, 0
1552946111.469165, 0
1552946111.836797, 0
1552946112.251723, 0
1552946112.647852, 0
1552946113.059987, 0
1552946113.487822, 0
1552946113.944127, 0
1552946114.358675, 0
1552946114.801767, 0
1552946115.240465, 0
1552946115.684419, 0
1552946116.251719, 0
1552946117.042034, 0
1552946118.500976, 0
1552946119.897170, 0
1552946120.539785, 0
1552946121.132376, 0
1552946121.715820, 0
1552946122.319602, 0
