time, phase
1552499353.013408, 0
1552499353.384203, 0
1552499354.324103, 0
1552499355.253357, 0
1552499355.942230, 0
1552499356.454602, 0
1552499357.031477, 0
1552499357.550737, 0
1552499358.088523, 0
1552499358.936321, 0
1552499360.061677, 0
1552499360.660957, 0
1552499361.689523, 0
1552499362.451071, 0
