time, phase
1553205200.406137, 0
1553205200.898531, 0
1553205201.279010, 0
1553205201.687002, 0
1553205202.116245, 0
1553205202.530431, 0
1553205202.984492, 0
1553205203.432026, 0
1553205203.840442, 0
1553205204.241661, 0
1553205204.759530, 0
1553205205.365789, 0
1553205206.054160, 0
1553205206.876645, 0
1553205207.664895, 0
1553205208.449113, 0
1553205209.241098, 0
1553205209.811447, 0
1553205210.438369, 0
1553205211.146021, 0
