time, phase
1551389936.424032, 0
1551389937.454252, 0
1551389938.189150, 0
1551389939.148449, 0
1551389939.972344, 0
1551389940.573133, 0
1551389941.140492, 0
1551389941.792609, 0
1551389943.090831, 0
1551389943.887141, 0
1551389944.524272, 0
1551389945.220997, 0
1551389946.021739, 0
1551389946.621897, 0
1551389947.332324, 0
1551389948.003906, 0
1551389948.781233, 0
1551389949.344681, 0
1551389950.038768, 0
1551389950.685250, 0
1551389951.422167, 0
