time, phase
1551458136.764345, 0
1551458138.095270, 0
1551458138.618991, 0
1551458139.867344, 0
1551458140.656137, 0
1551458141.263746, 0
1551458142.091827, 0
1551458142.690071, 0
1551458143.879464, 0
1551458144.986150, 0
1551458145.832237, 0
1551458146.540672, 0
1551458147.123744, 0
1551458147.656613, 0
1551458148.246969, 0
1551458148.723949, 0
1551458149.180751, 0
1551458149.749678, 0
1551458150.192190, 0
1551458150.672625, 0
1551458151.234796, 0
1551458151.690673, 0
