time, phase
1551357704.425140, 0
1551357705.028268, 0
1551357705.726307, 0
1551357706.437240, 0
1551357707.094009, 0
1551357707.734619, 0
1551357708.338310, 0
1551357708.989097, 0
1551357709.612185, 0
1551357710.272557, 0
1551357710.847628, 0
1551357711.441080, 0
1551357712.004466, 0
1551357712.811076, 0
1551357713.578656, 0
1551357714.339222, 0
