time, phase
1552939334.932148, 0
1552939335.486850, 0
1552939335.907153, 0
1552939336.252285, 0
1552939336.647108, 0
1552939337.005531, 0
1552939337.400657, 0
1552939337.792533, 0
1552939338.203839, 0
1552939338.636604, 0
1552939339.107553, 0
1552939339.641330, 0
1552939340.295958, 0
1552939341.708006, 0
1552939342.370251, 0
1552939342.995400, 0
1552939343.813039, 0
1552939344.331730, 0
1552939344.858086, 0
