time, phase
1551458596.921215, 0
1551458597.657593, 0
1551458598.336885, 0
1551458599.044651, 0
1551458599.721380, 0
1551458600.373448, 0
1551458600.926500, 0
1551458601.477803, 0
1551458601.978062, 0
1551458602.444567, 0
1551458602.933567, 0
1551458603.390234, 0
1551458603.850316, 0
1551458604.321477, 0
1551458604.788324, 0
1551458605.312240, 0
1551458605.812220, 0
