time, phase
1551390844.536646, 0
1551390845.064855, 0
1551390845.616920, 0
1551390846.277738, 0
1551390846.865647, 0
1551390847.339856, 0
1551390847.777478, 0
1551390848.629643, 0
1551390849.370254, 0
1551390849.890665, 0
1551390850.589088, 0
1551390851.108239, 0
1551390851.638898, 0
1551390851.909967, 0
1551390852.255219, 0
1551390852.681378, 0
1551390853.143042, 0
