time, phase
1552230550.941723, 0
1552230551.531714, 0
1552230551.769402, 0
1552230552.581183, 0
1552230553.605300, 0
1552230554.503643, 0
1552230555.532830, 0
1552230556.382859, 0
1552230557.440145, 0
1552230558.727353, 0
1552230561.247565, 0
1552230561.987436, 0
1552230562.908582, 0
1552230563.638781, 0
1552230564.419148, 0
1552230565.241838, 0
1552230566.074964, 0
