time, phase
1550699927.030263, 0
1550699927.528537, 0
1550699927.920116, 0
1550699928.352829, 0
1550699928.841728, 0
1550699929.476405, 0
1550699930.114405, 0
1550699930.716758, 0
1550699931.341922, 0
1550699931.924056, 0
1550699932.458627, 0
1550699932.951720, 0
1550699933.423208, 0
1550699933.853114, 0
1550699934.449889, 0
1550699935.533916, 0
1550699936.736214, 0
1550699937.663661, 0
1550699938.250967, 0
1550699938.780526, 0
