time, phase
1551625728.819887, 0
1551625729.604845, 0
1551625730.113298, 0
1551625730.574870, 0
1551625730.976927, 0
1551625731.350210, 0
1551625731.710640, 0
1551625732.072875, 0
1551625732.482541, 0
1551625732.937810, 0
1551625733.579539, 0
1551625734.349203, 0
1551625735.158524, 0
1551625736.062152, 0
1551625737.090963, 0
1551625738.102018, 0
1551625738.959775, 0
