time, phase
1551293582.685369, 0
1551293583.204312, 0
1551293583.676057, 0
1551293584.132777, 0
1551293584.566496, 0
1551293584.916258, 0
1551293585.356734, 0
1551293585.744535, 0
1551293586.112235, 0
1551293586.687458, 0
1551293587.315984, 0
1551293587.951735, 0
1551293588.730605, 0
1551293589.310923, 0
1551293589.805648, 0
1551293590.214318, 0
1551293590.715047, 0
1551293591.833417, 0
