time, phase
1550925995.001181, 0
1550925996.062339, 0
1550925996.731202, 0
1550925997.478883, 0
1550925997.928263, 0
1550925998.571916, 0
1550925999.210496, 0
1550926000.005174, 0
1550926000.684196, 0
1550926001.398953, 0
1550926002.151235, 0
1550926002.873333, 0
1550926003.636801, 0
1550926004.404954, 0
1550926005.293301, 0
1550926006.117182, 0
1550926007.138840, 0
