time, phase
1550926383.816700, 0
1550926384.349573, 0
1550926384.766346, 0
1550926385.188141, 0
1550926385.531976, 0
1550926385.922294, 0
1550926386.350015, 0
1550926386.839775, 0
1550926387.372207, 0
1550926387.959435, 0
1550926388.528219, 0
1550926389.056412, 0
1550926390.128282, 0
1550926390.485575, 0
1550926390.965723, 0
1550926391.465795, 0
1550926392.027453, 0
1550926393.042555, 0
