time, phase
1551531231.468366, 0
1551531236.334973, 0
1551531236.827788, 0
1551531237.498698, 0
1551531237.852173, 0
1551531238.295706, 0
1551531238.722418, 0
1551531239.030860, 0
1551531239.562416, 0
1551531239.844565, 0
1551531240.158815, 0
1551531240.776822, 0
