time, phase
1550698404.289643, 0
1550698404.739494, 0
1550698405.117660, 0
1550698405.567190, 0
1550698405.947202, 0
1550698406.349968, 0
1550698406.742468, 0
1550698407.141618, 0
1550698407.558756, 0
1550698407.985752, 0
1550698408.479786, 0
1550698409.646177, 0
1550698410.881497, 0
1550698411.464894, 0
1550698411.915563, 0
1550698412.367135, 0
1550698412.913141, 0
1550698413.538940, 0
