time, phase
1550925962.161590, 0
1550925962.781938, 0
1550925964.145224, 0
1550925965.219014, 0
1550925965.783902, 0
1550925966.449070, 0
1550925967.074760, 0
1550925967.855424, 0
1550925968.445225, 0
1550925969.094401, 0
1550925969.706702, 0
1550925970.329019, 0
1550925970.991213, 0
1550925971.752503, 0
1550925972.526521, 0
1550925973.340323, 0
1550925974.163723, 0
