time, phase
1551701571.817512, 0
1551701572.461005, 0
1551701573.389662, 0
1551701573.740729, 0
1551701574.093451, 0
1551701574.522481, 0
1551701575.108648, 0
1551701575.595939, 0
1551701576.184244, 0
1551701576.750954, 0
1551701577.218840, 0
1551701577.653538, 0
1551701578.195329, 0
1551701578.930019, 0
1551701580.079799, 0
1551701581.481951, 0
1551701582.100692, 0
1551701582.705040, 0
