time, phase
1552501591.100621, 0
1552501591.643684, 0
1552501592.053153, 0
1552501592.487351, 0
1552501593.075714, 0
1552501593.453845, 0
1552501593.832345, 0
1552501594.218631, 0
1552501594.618407, 0
1552501595.189519, 0
1552501596.224525, 0
1552501596.973029, 0
1552501597.484289, 0
1552501598.179005, 0
1552501598.597527, 0
1552501599.022131, 0
1552501599.525787, 0
