time, phase
1551453058.328075, 0
1551453060.445353, 0
1551453061.142956, 0
1551453061.552981, 0
1551453062.513857, 0
1551453063.364062, 0
1551453064.222057, 0
1551453064.593345, 0
1551453065.620092, 0
1551453066.268299, 0
1551453067.217485, 0
1551453068.402501, 0
1551453074.338930, 0
1551453075.139393, 0
1551453075.905991, 0
1551453078.982584, 0
1551453080.278073, 0
1551453081.448616, 0
1551453082.690016, 0
1551453083.083903, 0
