time, phase
1553205321.814859, 0
1553205322.579983, 0
1553205323.228727, 0
1553205323.906002, 0
1553205324.521116, 0
1553205325.165209, 0
1553205325.790087, 0
1553205326.336183, 0
1553205326.829887, 0
1553205327.311367, 0
1553205327.779904, 0
1553205328.234922, 0
1553205328.832613, 0
1553205329.680272, 0
1553205330.362976, 0
