time, phase
1551626039.812515, 0
1551626040.281447, 0
1551626040.836282, 0
1551626041.476500, 0
1551626042.120804, 0
1551626042.826339, 0
1551626043.475467, 0
1551626044.142400, 0
1551626044.759772, 0
1551626045.338366, 0
1551626045.917981, 0
1551626046.526280, 0
1551626047.240968, 0
1551626048.112040, 0
1551626049.263815, 0
1551626049.903467, 0
1551626050.602086, 0
