time, phase
1551625797.349061, 0
1551625799.090235, 0
1551625799.400336, 0
1551625799.580693, 0
1551625800.273073, 0
1551625800.684651, 0
1551625801.836828, 0
1551625802.786676, 0
1551625803.646425, 0
1551625805.054533, 0
1551625805.481990, 0
1551625806.243562, 0
1551625806.811693, 0
1551625807.771963, 0
1551625808.510620, 0
1551625809.530761, 0
1551625810.153355, 0
