time,beats,midi_note,midi_vel
1551267927.955650, 0.000000, 64.000000, 9.000000
