time, phase
1550748555.197582, 0
1550748555.810027, 0
1550748556.090339, 0
1550748556.492963, 0
1550748556.867481, 0
1550748557.210202, 0
1550748557.629265, 0
1550748558.036703, 0
1550748558.396330, 0
1550748558.777823, 0
1550748559.162070, 0
1550748559.635708, 0
1550748560.487658, 0
1550748560.930232, 0
1550748561.536198, 0
