time, phase
1551391257.446380, 0
1551391258.101766, 0
1551391258.410797, 0
1551391259.096589, 0
1551391259.897786, 0
1551391260.174457, 0
1551391260.475456, 0
1551391261.020131, 0
1551391261.739518, 0
1551391262.303211, 0
1551391262.963844, 0
1551391263.798715, 0
1551391264.293323, 0
1551391264.846484, 0
1551391265.336303, 0
