time, phase
1551453112.998036, 0
1551453113.991964, 0
1551453114.430881, 0
1551453116.509158, 0
1551453117.435789, 0
1551453118.122473, 0
1551453118.827203, 0
1551453119.596283, 0
1551453122.075271, 0
1551453122.648033, 0
1551453125.604382, 0
1551453126.171385, 0
1551453126.476752, 0
1551453127.064921, 0
1551453128.807636, 0
1551453129.591848, 0
