time, phase
1551269415.780283, 0
1551269417.030840, 0
1551269417.613114, 0
1551269418.212759, 0
1551269418.867264, 0
1551269419.485460, 0
1551269420.143357, 0
1551269420.929156, 0
1551269421.538411, 0
1551269422.239585, 0
1551269422.995578, 0
1551269423.708277, 0
1551269424.484254, 0
1551269425.236806, 0
1551269426.078965, 0
1551269426.718971, 0
1551269427.480095, 0
