time, phase
1551293189.578625, 0
1551293190.272814, 0
1551293190.919646, 0
1551293191.601914, 0
1551293192.214012, 0
1551293192.845146, 0
1551293193.519980, 0
1551293194.226248, 0
1551293194.860238, 0
1551293195.499080, 0
1551293196.154225, 0
1551293196.800679, 0
1551293197.454308, 0
1551293198.270700, 0
1551293199.151949, 0
