time, phase
1551453410.123349, 0
1551453410.443149, 0
1551453412.634356, 0
1551453413.350655, 0
1551453413.889740, 0
1551453415.446151, 0
1551453415.838567, 0
1551453416.281555, 0
1551453417.074794, 0
1551453417.437595, 0
1551453417.732479, 0
1551453418.159145, 0
1551453418.580201, 0
1551453418.924991, 0
