time, phase
1553027898.070243, 0
1553027898.519429, 0
1553027899.221297, 0
1553027899.916460, 0
1553027900.577536, 0
1553027901.224926, 0
1553027901.866491, 0
1553027902.482677, 0
1553027903.064252, 0
1553027903.587396, 0
1553027904.104822, 0
1553027904.582742, 0
1553027905.101296, 0
1553027905.729084, 0
1553027906.928973, 0
1553027907.723910, 0
