time, phase
1551720727.669871, 0
1551720728.616618, 0
1551720728.989880, 0
1551720729.526053, 0
1551720729.948204, 0
1551720730.417648, 0
1551720730.842156, 0
1551720731.296153, 0
1551720731.875623, 0
1551720732.401212, 0
1551720733.165300, 0
1551720733.803898, 0
1551720734.990848, 0
1551720735.385503, 0
1551720736.000342, 0
1551720736.715584, 0
1551720737.587108, 0
1551720738.669891, 0
