time, phase
1551874786.497762, 0
1551874788.014323, 0
1551874788.513863, 0
1551874788.985641, 0
1551874789.409087, 0
1551874789.829852, 0
1551874790.255675, 0
1551874790.691355, 0
1551874791.158701, 0
1551874791.667854, 0
1551874792.266715, 0
1551874793.267852, 0
1551874794.336241, 0
1551874795.468632, 0
1551874796.128559, 0
1551874796.965811, 0
1551874797.733704, 0
1551874798.506608, 0
1551874799.183612, 0
