time, phase
1552499190.607378, 0
1552499193.344747, 0
1552499194.033139, 0
1552499194.649556, 0
1552499195.332418, 0
1552499195.934522, 0
1552499196.611771, 0
1552499197.195497, 0
1552499197.929331, 0
1552499198.822457, 0
1552499199.323533, 0
1552499199.856625, 0
1552499200.300283, 0
1552499200.692500, 0
