time, phase
1552485587.725297, 0
1552485588.095699, 0
1552485588.547619, 0
1552485588.988677, 0
1552485589.480605, 0
1552485589.938528, 0
1552485590.480597, 0
1552485591.905571, 0
1552485592.870773, 0
1552485593.632505, 0
