time, phase
1552485214.224872, 0
1552485214.852038, 0
1552485215.302611, 0
1552485215.797235, 0
1552485216.422742, 0
1552485217.138740, 0
1552485217.693791, 0
1552485218.310365, 0
1552485218.923421, 0
1552485219.607019, 0
1552485220.634288, 0
1552485221.316713, 0
1552485221.926410, 0
1552485222.430152, 0
