time, phase
1542900122.056442, 0
1542900122.368260, 0
1542900124.104705, 0
1542900124.383284, 0
1542900124.559503, 0
