time, phase
1551275311.375155, 0
1551275312.043147, 0
1551275312.814667, 0
1551275313.671503, 0
1551275314.315771, 0
1551275314.965865, 0
1551275315.596903, 0
1551275316.206587, 0
1551275316.771394, 0
1551275317.294096, 0
1551275317.858510, 0
1551275318.366425, 0
1551275318.876128, 0
1551275319.410211, 0
1551275319.948893, 0
1551275320.408596, 0
