time, phase
1551878075.658425, 0
1551878076.036243, 0
1551878076.505213, 0
1551878077.056217, 0
1551878077.654960, 0
1551878078.355210, 0
1551878078.985168, 0
1551878079.941105, 0
1551878080.728693, 0
1551878081.798248, 0
1551878082.399069, 0
1551878083.457083, 0
1551878084.136565, 0
1551878084.721198, 0
1551878085.243998, 0
1551878085.812252, 0
1551878086.676389, 0
