time, phase
1551365844.199252, 0
1551365844.725988, 0
1551365845.276729, 0
1551365847.035744, 0
1551365847.607048, 0
1551365848.190155, 0
1551365848.648234, 0
1551365849.152939, 0
1551365849.605277, 0
1551365850.076181, 0
1551365850.483202, 0
1551365850.893191, 0
1551365851.261086, 0
1551365851.550115, 0
