time, phase
1551720448.453023, 0
1551720449.115057, 0
1551720449.651991, 0
1551720450.225000, 0
1551720450.752387, 0
1551720451.341477, 0
1551720451.901452, 0
1551720452.424205, 0
1551720452.911012, 0
1551720453.390455, 0
1551720454.051176, 0
1551720454.596090, 0
1551720455.153220, 0
1551720455.617889, 0
1551720456.148603, 0
1551720456.685500, 0
1551720457.126820, 0
1551720457.697847, 0
1551720458.277035, 0
1551720458.963125, 0
