time, phase
1551357870.237090, 0
1551357870.680138, 0
1551357870.957414, 0
1551357871.297404, 0
1551357871.670701, 0
1551357872.034170, 0
1551357872.452358, 0
1551357872.876169, 0
1551357873.316480, 0
1551357873.900764, 0
1551357874.388354, 0
1551357875.024523, 0
1551357876.444886, 0
1551357877.091644, 0
1551357877.554563, 0
1551357878.069039, 0
1551357878.659952, 0
