time, phase
1553024747.854124, 0
1553024748.301916, 0
1553024748.718339, 0
1553024749.126774, 0
1553024749.544057, 0
1553024749.971528, 0
1553024750.386084, 0
1553024750.818619, 0
1553024751.267598, 0
1553024751.708526, 0
1553024752.128583, 0
1553024752.518291, 0
1553024752.943396, 0
1553024753.412517, 0
1553024754.075102, 0
1553024754.868579, 0
1553024756.063931, 0
1553024756.976994, 0
1553024757.724596, 0
1553024758.407877, 0
1553024759.095545, 0
1553024759.774306, 0
