time, phase
1553205374.145080, 0
1553205374.987008, 0
1553205375.374443, 0
1553205375.999901, 0
1553205376.680628, 0
1553205377.303917, 0
1553205377.975654, 0
1553205378.554894, 0
1553205379.146489, 0
1553205379.703396, 0
1553205380.235735, 0
1553205380.717020, 0
1553205381.230651, 0
1553205381.726067, 0
1553205382.457445, 0
1553205383.610232, 0
1553205384.607355, 0
1553205385.303485, 0
1553205385.930510, 0
