time, phase
1551380917.057077, 0
1551380917.598290, 0
1551380919.639615, 0
1551380920.289698, 0
1551380920.837699, 0
1551380921.426588, 0
1551380921.991963, 0
1551380922.414916, 0
1551380922.889133, 0
1551380923.330212, 0
1551380923.747808, 0
1551380924.149129, 0
1551380924.478700, 0
1551380924.803567, 0
1551380925.226320, 0
1551380925.487291, 0
