time, phase
1551292879.631507, 0
1551292880.078661, 0
1551292881.759560, 0
1551292882.357640, 0
1551292882.916291, 0
1551292883.527552, 0
1551292884.200576, 0
1551292884.806654, 0
1551292885.462499, 0
1551292886.546512, 0
1551292887.454035, 0
1551292888.652870, 0
1551292889.790648, 0
1551292890.572886, 0
1551292891.107674, 0
1551292891.831023, 0
1551292892.903964, 0
1551292893.216491, 0
