time, phase
1551700686.172523, 0
1551700686.602033, 0
1551700686.974286, 0
1551700687.423826, 0
1551700687.813815, 0
1551700688.266685, 0
1551700688.704409, 0
1551700689.086757, 0
1551700689.467869, 0
1551700689.863510, 0
1551700690.379548, 0
1551700691.031956, 0
1551700691.694956, 0
1551700692.572985, 0
1551700693.326593, 0
1551700694.208306, 0
1551700694.999154, 0
1551700695.885661, 0
