time, phase
1551381205.430409, 0
1551381205.924607, 0
1551381206.524118, 0
1551381206.921432, 0
1551381207.399610, 0
1551381207.929626, 0
1551381208.875843, 0
1551381209.255636, 0
1551381209.776187, 0
1551381210.103192, 0
1551381210.531412, 0
1551381210.864565, 0
1551381211.289783, 0
1551381211.616842, 0
1551381211.940073, 0
1551381212.277752, 0
1551381212.710324, 0
