time, phase
1550925596.796861, 0
1550925597.201654, 0
1550925597.501208, 0
1550925597.848587, 0
1550925598.173931, 0
1550925598.662414, 0
1550925599.103697, 0
1550925599.517851, 0
1550925599.901084, 0
1550925600.277972, 0
1550925600.742995, 0
1550925601.320940, 0
1550925601.900422, 0
1550925602.806133, 0
1550925603.610133, 0
1550925604.125785, 0
1550925604.735118, 0
1550925605.221474, 0
1550925605.765946, 0
1550925606.286253, 0
