time, phase
1551275277.285149, 0
1551275278.123298, 0
1551275278.758723, 0
1551275279.404328, 0
1551275280.017245, 0
1551275280.663558, 0
1551275281.317991, 0
1551275281.992225, 0
1551275282.606053, 0
1551275283.189219, 0
1551275283.825075, 0
1551275284.379939, 0
1551275284.980570, 0
1551275285.513983, 0
1551275286.023152, 0
1551275286.574538, 0
1551275287.061098, 0
