time, phase
1551874857.013990, 0
1551874857.760232, 0
1551874858.623671, 0
1551874859.108754, 0
1551874859.559590, 0
1551874859.997345, 0
1551874860.386054, 0
1551874860.819489, 0
1551874861.236218, 0
1551874861.627669, 0
1551874862.028481, 0
1551874862.445542, 0
1551874862.942036, 0
1551874863.911630, 0
1551874865.208663, 0
1551874866.026567, 0
1551874867.087029, 0
1551874867.778043, 0
1551874868.417316, 0
1551874869.135530, 0
1551874869.901316, 0
1551874870.719452, 0
