time, phase
1551878329.785178, 0
1551878330.118394, 0
1551878330.885844, 0
1551878331.526517, 0
1551878332.115624, 0
1551878332.755502, 0
1551878333.424192, 0
1551878334.079069, 0
1551878334.789302, 0
1551878335.446764, 0
1551878336.151475, 0
1551878336.888873, 0
1551878337.592302, 0
1551878338.261488, 0
1551878339.023884, 0
1551878339.757646, 0
1551878340.409495, 0
1551878341.046090, 0
1551878341.553215, 0
1551878341.941020, 0
