time, phase
1550923523.536514, 0
1550923523.939340, 0
1550923524.312408, 0
1550923524.696271, 0
1550923525.038911, 0
1550923525.394952, 0
1550923525.804641, 0
1550923526.572385, 0
