time, phase
1551804871.056817, 0
1551804871.459873, 0
1551804871.823137, 0
1551804872.225716, 0
1551804872.575415, 0
1551804872.935268, 0
1551804873.261711, 0
1551804873.541219, 0
1551804873.837203, 0
1551804874.492387, 0
1551804875.467407, 0
1551804875.822113, 0
