time, phase
1551626098.365119, 0
1551626099.143703, 0
1551626099.573593, 0
1551626100.212971, 0
1551626100.796543, 0
1551626101.518066, 0
1551626102.131668, 0
1551626102.767129, 0
1551626103.478014, 0
1551626104.158151, 0
1551626104.864344, 0
1551626105.481691, 0
1551626106.253418, 0
1551626106.937948, 0
1551626107.766843, 0
1551626108.725715, 0
1551626109.625994, 0
1551626110.555847, 0
1551626111.440955, 0
