time, phase
1551701893.814826, 0
1551701893.956889, 0
1551701894.429547, 0
1551701894.827726, 0
1551701895.225624, 0
1551701895.644803, 0
1551701896.057617, 0
1551701896.508450, 0
1551701896.893555, 0
1551701897.303270, 0
1551701897.904725, 0
1551701898.291643, 0
1551701898.870945, 0
1551701899.545165, 0
