time, phase
1551366027.108528, 0
1551366027.754218, 0
1551366028.218831, 0
1551366028.532114, 0
1551366028.862040, 0
1551366029.260181, 0
1551366030.058375, 0
1551366030.796867, 0
1551366031.630660, 0
1551366032.084123, 0
1551366032.446796, 0
1551366032.821238, 0
1551366033.169316, 0
