time, phase
1552501858.794902, 0
1552501861.785949, 0
1552501862.535858, 0
1552501863.291257, 0
1552501863.772826, 0
1552501864.327726, 0
1552501864.934417, 0
1552501865.603008, 0
1552501866.315380, 0
1552501867.325395, 0
1552501868.010820, 0
1552501868.706453, 0
1552501869.058380, 0
