time, phase
1551293531.005304, 0
1551293531.472406, 0
1551293531.907138, 0
1551293532.320662, 0
1551293532.717579, 0
1551293533.068030, 0
1551293533.500095, 0
1551293533.908779, 0
1551293534.357069, 0
1551293534.769440, 0
1551293535.328162, 0
1551293536.569540, 0
1551293537.006065, 0
1551293537.539650, 0
1551293538.115161, 0
