time, phase
1551453741.102987, 0
1551453742.059095, 0
1551453742.601358, 0
1551453743.055717, 0
1551453743.507626, 0
1551453744.329131, 0
1551453745.325346, 0
1551453746.578707, 0
1551453747.700922, 0
1551453748.535302, 0
1551453748.944865, 0
1551453749.418567, 0
1551453749.907444, 0
1551453750.656475, 0
1551453751.052664, 0
