time, phase
1551453267.119159, 0
1551453268.609391, 0
1551453269.262157, 0
1551453269.998533, 0
1551453270.704720, 0
1551453271.316148, 0
1551453271.990914, 0
1551453272.582917, 0
1551453273.113473, 0
1551453273.638435, 0
1551453274.305646, 0
1551453274.583502, 0
1551453275.092347, 0
1551453275.417295, 0
