time, phase
1552498878.117990, 0
1552498879.998895, 0
1552498880.468288, 0
1552498880.917261, 0
1552498881.505084, 0
1552498881.977282, 0
1552498882.534640, 0
1552498883.017310, 0
1552498883.693652, 0
1552498884.672095, 0
1552498885.572515, 0
1552498886.894010, 0
1552498888.746741, 0
1552498889.883257, 0
1552498891.120147, 0
1552498891.776656, 0
1552498892.446317, 0
1552498893.088309, 0
1552498893.748435, 0
