time, phase
1553204370.674371, 0
1553204371.151926, 0
1553204371.591857, 0
1553204372.020324, 0
1553204372.440389, 0
1553204372.879053, 0
1553204373.325366, 0
1553204373.784473, 0
1553204374.353909, 0
1553204374.815327, 0
1553204375.342455, 0
1553204375.863215, 0
1553204376.435585, 0
1553204377.109252, 0
1553204377.821212, 0
1553204378.762195, 0
1553204379.615741, 0
1553204380.834333, 0
1553204381.453155, 0
1553204382.018800, 0
1553204382.606513, 0
1553204383.238877, 0
1553204383.889814, 0
