time, phase
1551878366.148875, 0
1551878366.819782, 0
1551878367.525352, 0
1551878368.192755, 0
1551878368.839599, 0
1551878369.539383, 0
1551878370.203130, 0
1551878370.874756, 0
1551878371.626992, 0
1551878372.316301, 0
1551878373.032704, 0
1551878373.765507, 0
1551878374.540910, 0
1551878375.158851, 0
1551878375.831744, 0
1551878376.563536, 0
