time, phase
1550699887.435495, 0
1550699887.819283, 0
1550699888.511028, 0
1550699889.133942, 0
1550699889.790577, 0
1550699890.400196, 0
1550699891.081278, 0
1550699891.700537, 0
1550699892.262285, 0
1550699892.793018, 0
1550699893.277080, 0
1550699893.763353, 0
1550699894.294580, 0
1550699895.100005, 0
1550699896.726196, 0
1550699898.035301, 0
