time, phase
1551458563.023638, 0
1551458563.368600, 0
1551458563.864825, 0
1551458564.669850, 0
1551458565.148708, 0
1551458565.791811, 0
1551458566.551325, 0
1551458567.192349, 0
1551458567.876856, 0
1551458568.384489, 0
1551458568.913821, 0
1551458569.440064, 0
1551458569.903112, 0
1551458570.416560, 0
1551458570.858964, 0
1551458571.327997, 0
1551458571.760282, 0
1551458572.260432, 0
1551458572.648401, 0
1551458573.223522, 0
