time, phase
1552484933.428899, 0
1552484934.643377, 0
1552484935.146179, 0
1552484935.441189, 0
1552484935.814637, 0
1552484936.296356, 0
1552484936.779872, 0
1552484937.271513, 0
1552484937.766219, 0
1552484938.336637, 0
1552484938.899383, 0
1552484939.716108, 0
1552484940.320128, 0
1552484940.847386, 0
1552484941.292434, 0
1552484941.766150, 0
1552484942.205380, 0
1552484942.622508, 0
1552484943.163863, 0
1552484943.934464, 0
1552484944.731969, 0
1552484945.430676, 0
1552484945.994689, 0
