time, phase
1551878405.412516, 0
1551878406.119454, 0
1551878406.793883, 0
1551878407.417921, 0
1551878408.134160, 0
1551878408.814047, 0
1551878409.544629, 0
1551878410.248419, 0
1551878410.963882, 0
1551878411.669187, 0
1551878412.393024, 0
1551878413.054438, 0
1551878413.687097, 0
1551878414.378272, 0
1551878415.006321, 0
