time, phase
1551875009.338142, 0
1551875009.911894, 0
1551875010.594131, 0
1551875011.279707, 0
1551875012.011343, 0
1551875012.685255, 0
1551875013.339656, 0
1551875013.997297, 0
1551875014.614722, 0
1551875015.188314, 0
1551875015.784065, 0
1551875016.325558, 0
1551875016.803736, 0
1551875017.338835, 0
1551875017.972921, 0
1551875018.652225, 0
1551875019.298211, 0
1551875019.865953, 0
