time, phase
1551380497.266354, 0
1551380501.574112, 0
1551380502.196422, 0
1551380502.712105, 0
1551380503.250193, 0
1551380503.829787, 0
1551380504.320154, 0
1551380504.884186, 0
1551380505.382517, 0
1551380505.867461, 0
1551380506.467993, 0
1551380506.989059, 0
1551380507.517268, 0
1551380508.062378, 0
1551380508.435432, 0
1551380508.884935, 0
1551380509.338051, 0
