time, phase
1551390035.909689, 0
1551390036.831719, 0
1551390037.467338, 0
