time, phase
1551453802.082387, 0
1551453803.064382, 0
1551453803.801327, 0
1551453804.124715, 0
1551453804.742678, 0
1551453805.144829, 0
1551453805.634819, 0
1551453806.057293, 0
1551453806.299685, 0
1551453806.976035, 0
1551453807.758318, 0
1551453808.065502, 0
1551453808.730694, 0
1551453809.008737, 0
1551453810.076135, 0
1551453810.730185, 0
1551453811.054784, 0
