time, phase
1551531318.238075, 0
1551531318.709609, 0
1551531319.021454, 0
1551531319.559479, 0
1551531320.157015, 0
1551531320.805814, 0
1551531321.461277, 0
1551531322.114204, 0
1551531322.782266, 0
1551531323.445450, 0
1551531324.141640, 0
1551531324.810196, 0
1551531325.379914, 0
1551531325.877528, 0
1551531326.338820, 0
1551531326.825810, 0
1551531327.846270, 0
1551531328.875790, 0
1551531330.247596, 0
1551531330.894475, 0
