time, phase
1550746751.593572, 0
1550746753.250242, 0
1550746754.200695, 0
1550746754.852400, 0
1550746755.538748, 0
1550746756.103501, 0
1550746756.634945, 0
1550746757.164676, 0
1550746757.805161, 0
1550746758.419186, 0
1550746759.005479, 0
1550746759.635801, 0
1550746760.113520, 0
1550746760.765135, 0
1550746761.469542, 0
1550746762.136517, 0
1550746762.810634, 0
1550746763.481861, 0
1550746764.036418, 0
1550746764.508463, 0
1550746765.005019, 0
1550746765.761575, 0
1550746766.264271, 0
