time, phase
1552946599.801994, 0
1552946600.529746, 0
1552946600.951682, 0
1552946601.364600, 0
1552946601.775841, 0
1552946602.173504, 0
1552946602.587451, 0
1552946603.019307, 0
1552946603.488531, 0
1552946603.981793, 0
1552946604.537502, 0
1552946605.283603, 0
1552946607.104190, 0
1552946607.741486, 0
1552946608.312850, 0
1552946608.946802, 0
1552946609.543139, 0
1552946610.150141, 0
