time, phase
1550749675.247901, 0
1550749675.579033, 0
1550749676.201017, 0
1550749676.972470, 0
1550749677.631679, 0
1550749678.232862, 0
1550749678.947666, 0
1550749679.593049, 0
1550749680.235748, 0
1550749680.842330, 0
1550749681.434076, 0
1550749682.006783, 0
1550749682.643273, 0
1550749683.232067, 0
1550749684.437303, 0
1550749685.117422, 0
1550749686.695759, 0
1550749690.101522, 0
1550749691.101154, 0
