time, phase
1551357821.004793, 0
1551357821.444357, 0
1551357821.868828, 0
1551357822.262118, 0
1551357822.625823, 0
1551357823.004078, 0
1551357823.397877, 0
1551357823.813409, 0
1551357824.183832, 0
1551357824.536606, 0
1551357824.883356, 0
1551357825.197278, 0
1551357826.235053, 0
