time, phase
1550748240.274959, 0
1550748241.166531, 0
1550748241.502340, 0
1550748241.867626, 0
1550748242.235354, 0
1550748242.572696, 0
1550748242.978402, 0
1550748243.384969, 0
1550748243.829597, 0
1550748244.684332, 0
1550748246.135371, 0
1550748246.877281, 0
1550748247.474899, 0
1550748248.130200, 0
1550748249.010164, 0
