time, phase
1551804812.003399, 0
1551804812.309836, 0
1551804812.648316, 0
1551804812.930698, 0
1551804813.213691, 0
1551804813.506218, 0
1551804813.779895, 0
1551804814.051575, 0
1551804814.306844, 0
1551804814.594228, 0
1551804814.905220, 0
1551804815.331852, 0
1551804815.835796, 0
