time, phase
1552502084.967403, 0
1552502085.848576, 0
1552502086.423023, 0
1552502087.068786, 0
1552502087.708015, 0
1552502088.776521, 0
1552502089.291260, 0
1552502090.396511, 0
1552502090.776605, 0
1552502091.320276, 0
1552502092.062640, 0
