time, phase
1553205442.404806, 0
1553205443.078079, 0
1553205443.439501, 0
1553205443.808563, 0
1553205444.164876, 0
1553205444.522288, 0
1553205444.941088, 0
1553205445.351554, 0
1553205445.754041, 0
1553205446.192750, 0
1553205446.909054, 0
1553205448.059984, 0
1553205448.818872, 0
1553205449.648373, 0
1553205450.160322, 0
