time, phase
1551453477.180026, 0
1551453477.591261, 0
1551453478.293874, 0
1551453478.886524, 0
1551453479.649456, 0
1551453480.218187, 0
1551453480.867367, 0
1551453481.088675, 0
1551453481.707491, 0
1551453482.246668, 0
1551453483.201625, 0
1551453483.649762, 0
1551453484.171424, 0
1551453484.728469, 0
1551453485.292725, 0
1551453485.680919, 0
1551453485.999903, 0
