time, phase
1552502137.658235, 0
1552502138.297460, 0
1552502138.837712, 0
1552502139.409332, 0
1552502139.823329, 0
1552502140.251767, 0
1552502140.756932, 0
1552502141.142241, 0
1552502142.007812, 0
1552502142.526281, 0
1552502143.519385, 0
1552502144.078570, 0
1552502144.844979, 0
1552502145.609949, 0
1552502146.254295, 0
