time, phase
1552939018.302798, 0
1552939018.713026, 0
1552939019.152022, 0
1552939019.586091, 0
1552939020.059368, 0
1552939020.483321, 0
1552939020.893012, 0
1552939021.339397, 0
1552939021.795496, 0
1552939022.191629, 0
1552939022.620202, 0
1552939023.026442, 0
1552939023.555043, 0
1552939024.202452, 0
1552939025.190736, 0
1552939026.400636, 0
1552939027.450235, 0
1552939028.037683, 0
1552939028.609757, 0
1552939029.178945, 0
1552939029.771579, 0
