time, phase
1551878797.203363, 0
1551878797.903062, 0
1551878798.551303, 0
1551878799.258334, 0
1551878800.008707, 0
1551878800.714076, 0
1551878801.478709, 0
1551878801.818700, 0
1551878802.032803, 0
1551878802.263172, 0
1551878802.634259, 0
