time, phase
1552484687.439734, 0
1552484688.087094, 0
1552484688.643850, 0
1552484689.303184, 0
1552484690.012942, 0
1552484690.719429, 0
1552484691.402979, 0
1552484692.126115, 0
1552484692.801365, 0
1552484693.371920, 0
1552484694.015427, 0
1552484694.543605, 0
1552484695.189726, 0
1552484695.812956, 0
1552484696.596940, 0
1552484697.345750, 0
1552484698.091031, 0
1552484698.811491, 0
