time, phase
1551389779.915953, 0
1551389780.820327, 0
1551389781.413785, 0
1551389782.009769, 0
1551389782.600224, 0
1551389783.232189, 0
1551389783.928283, 0
1551389784.559277, 0
1551389785.190993, 0
1551389786.043121, 0
1551389787.222561, 0
1551389787.948291, 0
1551389788.500361, 0
1551389789.041502, 0
1551389789.599511, 0
1551389790.216795, 0
1551389790.961259, 0
1551389791.590560, 0
1551389792.126846, 0
1551389792.683175, 0
1551389793.213428, 0
1551389793.748145, 0
