time, phase
1551719653.092008, 0
1551719655.438129, 0
1551719656.690616, 0
1551719657.156404, 0
1551719657.705834, 0
1551719658.249576, 0
1551719658.797843, 0
1551719659.399333, 0
1551719660.043044, 0
1551719660.742202, 0
1551719661.343881, 0
1551719661.945118, 0
1551719662.500136, 0
1551719663.057281, 0
1551719663.649454, 0
1551719664.186769, 0
1551719664.737969, 0
1551719665.367008, 0
1551719665.882748, 0
