time, phase
1551380889.045855, 0
1551380889.450191, 0
1551380890.578888, 0
1551380891.818013, 0
1551380892.276355, 0
1551380892.825259, 0
1551380893.413633, 0
1551380893.991549, 0
1551380894.375291, 0
1551380894.842858, 0
1551380895.253235, 0
1551380895.619558, 0
1551380896.015811, 0
1551380896.473317, 0
1551380897.002750, 0
1551380897.378112, 0
1551380897.856758, 0
