time, phase
1551531516.474547, 0
1551531516.925143, 0
1551531517.476697, 0
1551531517.956316, 0
1551531518.294166, 0
1551531518.681758, 0
1551531519.066825, 0
1551531519.523920, 0
1551531519.910879, 0
1551531520.339214, 0
1551531520.708710, 0
1551531521.072774, 0
1551531521.529573, 0
1551531522.472997, 0
1551531523.190102, 0
1551531524.145864, 0
1551531524.823646, 0
1551531525.754723, 0
1551531526.013262, 0
