time, phase
1550748206.027432, 0
1550748206.687838, 0
1550748207.019217, 0
1550748207.418416, 0
1550748207.772007, 0
1550748208.147379, 0
1550748208.575841, 0
1550748208.964512, 0
1550748209.406638, 0
1550748210.114577, 0
1550748211.586124, 0
1550748212.722309, 0
1550748213.428962, 0
1550748214.134831, 0
1550748214.906080, 0
