time, phase
1552946428.967145, 0
1552946429.659239, 0
1552946430.340272, 0
1552946430.989860, 0
1552946431.637807, 0
1552946432.281641, 0
1552946432.837444, 0
1552946433.358229, 0
1552946433.830965, 0
1552946434.302974, 0
1552946434.765120, 0
1552946435.301916, 0
1552946436.245089, 0
1552946437.151883, 0
1552946437.783729, 0
