time, phase
1551293346.723165, 0
1551293347.458892, 0
1551293348.168258, 0
1551293348.861376, 0
1551293349.531959, 0
1551293350.188955, 0
1551293350.840966, 0
1551293351.477507, 0
1551293351.973925, 0
1551293352.498767, 0
1551293353.055119, 0
1551293353.574178, 0
1551293354.344192, 0
1551293355.171887, 0
1551293356.106999, 0
