time, phase
1553025103.877981, 0
1553025104.485622, 0
1553025105.047742, 0
1553025105.629338, 0
1553025106.243604, 0
1553025106.868416, 0
1553025107.530527, 0
1553025108.180217, 0
1553025108.785779, 0
1553025109.330394, 0
1553025109.864322, 0
1553025110.427383, 0
1553025111.066896, 0
1553025112.202154, 0
1553025113.379891, 0
1553025114.307088, 0
1553025115.076371, 0
