time, phase
1553205494.265636, 0
1553205494.587649, 0
1553205494.934583, 0
1553205495.317524, 0
1553205495.692927, 0
1553205496.094218, 0
1553205496.511618, 0
1553205496.945594, 0
1553205497.400171, 0
1553205497.891818, 0
1553205498.518623, 0
1553205499.409172, 0
1553205500.206644, 0
1553205500.888344, 0
1553205501.388164, 0
1553205501.953332, 0
1553205502.533080, 0
