time, phase
1553204895.904735, 0
1553204896.350334, 0
1553204896.695310, 0
1553204897.057130, 0
1553204897.431976, 0
1553204897.796118, 0
1553204898.219192, 0
1553204898.643834, 0
1553204899.088521, 0
1553204899.534539, 0
1553204900.032327, 0
1553204900.735394, 0
1553204902.451069, 0
1553204903.336275, 0
1553204904.159107, 0
1553204904.674618, 0
1553204905.249924, 0
1553204905.874423, 0
