time, phase
1551381154.095686, 0
1551381154.527638, 0
1551381155.008898, 0
1551381155.445621, 0
1551381156.903009, 0
1551381157.376348, 0
1551381157.807167, 0
1551381158.211812, 0
1551381158.672845, 0
1551381159.019016, 0
1551381159.413114, 0
1551381159.819095, 0
1551381160.343438, 0
1551381160.576739, 0
1551381160.982167, 0
