time, phase
1551292981.999740, 0
1551292982.497845, 0
1551292982.940163, 0
1551292983.365150, 0
1551292983.735149, 0
1551292984.197445, 0
1551292984.652268, 0
1551292985.044082, 0
1551292985.488838, 0
1551292985.951805, 0
1551292986.360493, 0
1551292986.770361, 0
1551292987.174936, 0
1551292987.646605, 0
1551292988.182789, 0
1551292989.032654, 0
1551292989.605936, 0
1551292990.214603, 0
1551292990.821952, 0
1551292991.301221, 0
1551292992.198510, 0
1551292994.336745, 0
1551292994.949720, 0
