time, phase
1551878009.043370, 0
1551878009.524269, 0
1551878009.790408, 0
1551878010.290316, 0
1551878010.832638, 0
1551878011.161123, 0
1551878011.631839, 0
1551878011.862263, 0
1551878012.406145, 0
1551878012.933639, 0
1551878013.498067, 0
1551878014.106110, 0
1551878014.678985, 0
1551878015.276242, 0
1551878015.797019, 0
1551878016.215784, 0
1551878016.739165, 0
1551878017.246202, 0
1551878017.900979, 0
1551878018.652634, 0
