time, phase
1550926145.008436, 0
1550926145.614607, 0
1550926146.218145, 0
1550926146.811339, 0
1550926147.438477, 0
1550926148.114404, 0
1550926148.677346, 0
1550926149.281596, 0
1550926149.884802, 0
1550926150.420634, 0
1550926150.989052, 0
1550926151.534101, 0
1550926152.155031, 0
1550926152.901830, 0
1550926153.601280, 0
