time, phase
1551275689.699921, 0
1551275690.095559, 0
1551275690.536316, 0
1551275690.967058, 0
1551275691.393843, 0
1551275691.811658, 0
1551275692.210190, 0
1551275692.674631, 0
1551275693.293136, 0
1551275694.145533, 0
1551275695.298006, 0
1551275695.774523, 0
1551275696.259051, 0
1551275696.742802, 0
1551275697.207972, 0
