time, phase
1552230947.420312, 0
1552230948.043118, 0
1552230948.568128, 0
1552230949.116885, 0
1552230949.765906, 0
1552230950.532181, 0
1552230951.081556, 0
1552230951.689133, 0
1552230952.619730, 0
1552230953.570237, 0
1552230954.539686, 0
1552230955.144970, 0
1552230955.687602, 0
1552230956.246857, 0
1552230956.946797, 0
1552230958.237411, 0
