time, phase
1551453445.381522, 0
1551453446.012131, 0
1551453446.711653, 0
1551453447.312569, 0
1551453448.126586, 0
1551453448.868365, 0
1551453449.485576, 0
1551453449.933967, 0
1551453450.487919, 0
1551453451.402114, 0
1551453451.869841, 0
1551453452.263368, 0
1551453452.950177, 0
1551453453.395879, 0
1551453453.842162, 0
