time, phase
1551458357.995880, 0
1551458359.295314, 0
1551458359.794772, 0
1551458360.334666, 0
1551458360.761611, 0
1551458361.251412, 0
1551458361.719681, 0
1551458362.106363, 0
1551458362.630760, 0
1551458363.030491, 0
1551458363.474895, 0
1551458364.016685, 0
1551458364.644265, 0
1551458365.405417, 0
1551458366.281755, 0
1551458367.332806, 0
1551458368.368516, 0
1551458369.170851, 0
1551458369.840685, 0
1551458370.402593, 0
1551458370.957045, 0
