time, phase
1551453774.334485, 0
1551453774.730809, 0
1551453775.273686, 0
1551453775.879779, 0
1551453776.493895, 0
1551453777.350219, 0
1551453777.813763, 0
1551453778.962002, 0
1551453779.177252, 0
1551453779.777593, 0
1551453780.317381, 0
1551453780.937764, 0
1551453781.223346, 0
