time, phase
1551453300.108041, 0
1551453300.776431, 0
1551453301.220510, 0
1551453301.807886, 0
1551453302.654472, 0
1551453303.295289, 0
1551453303.967804, 0
1551453304.564585, 0
1551453305.196150, 0
1551453305.809652, 0
1551453306.370898, 0
1551453307.030301, 0
1551453307.723420, 0
1551453308.010782, 0
1551453308.590517, 0
