time, phase
1550749049.088183, 0
1550749050.024163, 0
1550749050.467700, 0
1550749050.922088, 0
1550749051.343537, 0
1550749051.762037, 0
1550749052.230482, 0
1550749052.708751, 0
1550749053.169632, 0
1550749053.606696, 0
1550749054.050297, 0
1550749054.411525, 0
1550749054.787184, 0
1550749055.257761, 0
1550749055.583297, 0
1550749055.908380, 0
1550749056.682205, 0
1550749057.290884, 0
1550749058.129686, 0
1550749058.794531, 0
1550749059.412651, 0
1550749059.916331, 0
1550749060.432037, 0
