time, phase
1553205075.056695, 0
1553205075.416928, 0
1553205075.730152, 0
1553205076.091707, 0
1553205076.468645, 0
1553205076.839560, 0
1553205077.288181, 0
1553205077.731845, 0
1553205078.231300, 0
1553205078.664121, 0
1553205079.134234, 0
1553205079.554952, 0
1553205080.033098, 0
1553205080.501569, 0
1553205081.041661, 0
1553205081.746738, 0
1553205082.506165, 0
1553205083.332003, 0
1553205083.875753, 0
1553205084.553843, 0
1553205085.153203, 0
1553205085.589841, 0
1553205086.274535, 0
